Description,Scientific Name,Max Score,Total Score,Query Cover,E value,Per. ident,Acc. Len,Accession  
"Homo sapiens cyclic nucleotide gated channel subunit alpha 3 (CNGA3), transcript variant 1, mRNA",Homo sapiens,3761,3761,100%,0.0,100.00,3547,"=HYPERLINK(""https://www.ncbi.nlm.nih.gov/nucleotide/NM_001298.3?report=genbank&log$=nucltop&blast_rank=1&RID=YYPN66NU016"",""NM_001298.3"")"
"PREDICTED: Gorilla gorilla gorilla cyclic nucleotide gated channel subunit alpha 3 (CNGA3), transcript variant X1, mRNA",Gorilla gorilla gorilla,3657,3657,100%,0.0,98.90,3798,"=HYPERLINK(""https://www.ncbi.nlm.nih.gov/nucleotide/XM_063695596.1?report=genbank&log$=nucltop&blast_rank=2&RID=YYPN66NU016"",""XM_063695596.1"")"
"PREDICTED: Pongo pygmaeus cyclic nucleotide gated channel subunit alpha 3 (CNGA3), mRNA",Pongo pygmaeus,3562,3562,100%,0.0,97.89,4643,"=HYPERLINK(""https://www.ncbi.nlm.nih.gov/nucleotide/XM_054474971.1?report=genbank&log$=nucltop&blast_rank=3&RID=YYPN66NU016"",""XM_054474971.1"")"
"PREDICTED: Pongo abelii cyclic nucleotide gated channel subunit alpha 3 (CNGA3), mRNA",Pongo abelii,3562,3562,100%,0.0,97.89,3464,"=HYPERLINK(""https://www.ncbi.nlm.nih.gov/nucleotide/XM_002811676.4?report=genbank&log$=nucltop&blast_rank=4&RID=YYPN66NU016"",""XM_002811676.4"")"
"Homo sapiens cyclic nucleotide gated channel subunit alpha 3 (CNGA3), transcript variant 2, mRNA",Homo sapiens,3553,3553,100%,0.0,97.36,3493,"=HYPERLINK(""https://www.ncbi.nlm.nih.gov/nucleotide/NM_001079878.2?report=genbank&log$=nucltop&blast_rank=5&RID=YYPN66NU016"",""NM_001079878.2"")"
"PREDICTED: Hylobates moloch cyclic nucleotide gated channel subunit alpha 3 (CNGA3), mRNA",Hylobates moloch,3544,3544,100%,0.0,97.70,2834,"=HYPERLINK(""https://www.ncbi.nlm.nih.gov/nucleotide/XM_032177380.2?report=genbank&log$=nucltop&blast_rank=6&RID=YYPN66NU016"",""XM_032177380.2"")"
"PREDICTED: Symphalangus syndactylus cyclic nucleotide gated channel subunit alpha 3 (CNGA3), mRNA",Symphalangus syndactylus,3526,3526,100%,0.0,97.51,3459,"=HYPERLINK(""https://www.ncbi.nlm.nih.gov/nucleotide/XM_055241881.2?report=genbank&log$=nucltop&blast_rank=7&RID=YYPN66NU016"",""XM_055241881.2"")"
"PREDICTED: Nomascus leucogenys cyclic nucleotide gated channel subunit alpha 3 (CNGA3), transcript variant X1, mRNA",Nomascus leucogenys,3517,3517,100%,0.0,97.41,2200,"=HYPERLINK(""https://www.ncbi.nlm.nih.gov/nucleotide/XM_030827484.1?report=genbank&log$=nucltop&blast_rank=8&RID=YYPN66NU016"",""XM_030827484.1"")"
"PREDICTED: Pan troglodytes cyclic nucleotide gated channel subunit alpha 3 (CNGA3), mRNA",Pan troglodytes,3485,3485,100%,0.0,96.64,4053,"=HYPERLINK(""https://www.ncbi.nlm.nih.gov/nucleotide/XM_054678681.2?report=genbank&log$=nucltop&blast_rank=9&RID=YYPN66NU016"",""XM_054678681.2"")"
"PREDICTED: Pan paniscus cyclic nucleotide gated channel subunit alpha 3 (CNGA3), transcript variant X1, mRNA",Pan paniscus,3480,3480,100%,0.0,96.59,6255,"=HYPERLINK(""https://www.ncbi.nlm.nih.gov/nucleotide/XM_003806131.4?report=genbank&log$=nucltop&blast_rank=10&RID=YYPN66NU016"",""XM_003806131.4"")"
"PREDICTED: Gorilla gorilla gorilla cyclic nucleotide gated channel subunit alpha 3 (CNGA3), transcript variant X2, mRNA",Gorilla gorilla gorilla,3453,3453,100%,0.0,96.31,3744,"=HYPERLINK(""https://www.ncbi.nlm.nih.gov/nucleotide/XM_004031468.5?report=genbank&log$=nucltop&blast_rank=11&RID=YYPN66NU016"",""XM_004031468.5"")"
"PREDICTED: Chlorocebus sabaeus cyclic nucleotide gated channel subunit alpha 3 (CNGA3), transcript variant X1, mRNA",Chlorocebus sabaeus,3418,3418,100%,0.0,96.35,3532,"=HYPERLINK(""https://www.ncbi.nlm.nih.gov/nucleotide/XM_073023238.1?report=genbank&log$=nucltop&blast_rank=12&RID=YYPN66NU016"",""XM_073023238.1"")"
"PREDICTED: Chlorocebus sabaeus cyclic nucleotide gated channel subunit alpha 3 (CNGA3), transcript variant X2, mRNA",Chlorocebus sabaeus,3418,3418,100%,0.0,96.35,11600,"=HYPERLINK(""https://www.ncbi.nlm.nih.gov/nucleotide/XM_073023239.1?report=genbank&log$=nucltop&blast_rank=13&RID=YYPN66NU016"",""XM_073023239.1"")"
"PREDICTED: Theropithecus gelada cyclic nucleotide gated channel alpha 3 (CNGA3), transcript variant X1, mRNA",Theropithecus gelada,3396,3396,100%,0.0,96.12,3815,"=HYPERLINK(""https://www.ncbi.nlm.nih.gov/nucleotide/XM_025354500.1?report=genbank&log$=nucltop&blast_rank=14&RID=YYPN66NU016"",""XM_025354500.1"")"
"PREDICTED: Mandrillus leucophaeus cyclic nucleotide gated channel alpha 3 (CNGA3), transcript variant X1, mRNA",Mandrillus leucophaeus,3387,3387,100%,0.0,96.02,3438,"=HYPERLINK(""https://www.ncbi.nlm.nih.gov/nucleotide/XM_011969624.1?report=genbank&log$=nucltop&blast_rank=15&RID=YYPN66NU016"",""XM_011969624.1"")"
"PREDICTED: Cercocebus atys cyclic nucleotide gated channel alpha 3 (CNGA3), transcript variant X1, mRNA",Cercocebus atys,3382,3382,100%,0.0,95.97,2682,"=HYPERLINK(""https://www.ncbi.nlm.nih.gov/nucleotide/XM_012055681.1?report=genbank&log$=nucltop&blast_rank=16&RID=YYPN66NU016"",""XM_012055681.1"")"
"PREDICTED: Macaca nemestrina cyclic nucleotide gated channel subunit alpha 3 (LOC105490061), transcript variant X1, mRNA",Macaca nemestrina,3382,3382,100%,0.0,95.97,12273,"=HYPERLINK(""https://www.ncbi.nlm.nih.gov/nucleotide/XM_011755319.3?report=genbank&log$=nucltop&blast_rank=17&RID=YYPN66NU016"",""XM_011755319.3"")"
"PREDICTED: Macaca nemestrina cyclic nucleotide gated channel subunit alpha 3 (LOC105490061), transcript variant X3, mRNA",Macaca nemestrina,3382,3382,100%,0.0,95.97,5120,"=HYPERLINK(""https://www.ncbi.nlm.nih.gov/nucleotide/XM_011755321.3?report=genbank&log$=nucltop&blast_rank=18&RID=YYPN66NU016"",""XM_011755321.3"")"
"PREDICTED: Macaca nemestrina cyclic nucleotide gated channel subunit alpha 3 (LOC105490061), transcript variant X2, mRNA",Macaca nemestrina,3382,3382,100%,0.0,95.97,4725,"=HYPERLINK(""https://www.ncbi.nlm.nih.gov/nucleotide/XM_011755320.3?report=genbank&log$=nucltop&blast_rank=19&RID=YYPN66NU016"",""XM_011755320.3"")"
"PREDICTED: Homo sapiens cyclic nucleotide gated channel subunit alpha 3 (CNGA3), transcript variant X2, mRNA",Homo sapiens,3378,3769,100%,0.0,100.00,4070,"=HYPERLINK(""https://www.ncbi.nlm.nih.gov/nucleotide/XM_054340429.1?report=genbank&log$=nucltop&blast_rank=20&RID=YYPN66NU016"",""XM_054340429.1"")"
"PREDICTED: Homo sapiens cyclic nucleotide gated channel subunit alpha 3 (CNGA3), transcript variant X2, mRNA",Homo sapiens,3378,3769,100%,0.0,100.00,3795,"=HYPERLINK(""https://www.ncbi.nlm.nih.gov/nucleotide/XM_011510554.3?report=genbank&log$=nucltop&blast_rank=21&RID=YYPN66NU016"",""XM_011510554.3"")"
"Homo sapiens cyclic nucleotide gated channel subunit alpha 3 (CNGA3), transcript variant 3, mRNA",Homo sapiens,3378,3769,100%,0.0,100.00,3712,"=HYPERLINK(""https://www.ncbi.nlm.nih.gov/nucleotide/NM_001445565.1?report=genbank&log$=nucltop&blast_rank=22&RID=YYPN66NU016"",""NM_001445565.1"")"
"PREDICTED: Papio anubis cyclic nucleotide gated channel subunit alpha 3 (CNGA3), transcript variant X1, mRNA",Papio anubis,3378,3378,100%,0.0,95.92,3538,"=HYPERLINK(""https://www.ncbi.nlm.nih.gov/nucleotide/XM_021925083.2?report=genbank&log$=nucltop&blast_rank=23&RID=YYPN66NU016"",""XM_021925083.2"")"
"PREDICTED: Papio anubis cyclic nucleotide gated channel subunit alpha 3 (CNGA3), transcript variant X2, mRNA",Papio anubis,3378,3378,100%,0.0,95.92,3632,"=HYPERLINK(""https://www.ncbi.nlm.nih.gov/nucleotide/XM_021925084.2?report=genbank&log$=nucltop&blast_rank=24&RID=YYPN66NU016"",""XM_021925084.2"")"
"PREDICTED: Macaca mulatta cyclic nucleotide gated channel subunit alpha 3 (CNGA3), mRNA",Macaca mulatta,3378,3378,100%,0.0,95.92,3639,"=HYPERLINK(""https://www.ncbi.nlm.nih.gov/nucleotide/XM_001101944.5?report=genbank&log$=nucltop&blast_rank=25&RID=YYPN66NU016"",""XM_001101944.5"")"
"PREDICTED: Macaca thibetana thibetana cyclic nucleotide gated channel subunit alpha 3 (CNGA3), transcript variant X1, mRNA",Macaca thibetana thibetana,3364,3364,100%,0.0,95.78,3547,"=HYPERLINK(""https://www.ncbi.nlm.nih.gov/nucleotide/XM_050755100.1?report=genbank&log$=nucltop&blast_rank=26&RID=YYPN66NU016"",""XM_050755100.1"")"
"PREDICTED: Rhinopithecus bieti cyclic nucleotide gated channel alpha 3 (CNGA3), transcript variant X1, mRNA",Rhinopithecus bieti,3364,3364,100%,0.0,95.78,2495,"=HYPERLINK(""https://www.ncbi.nlm.nih.gov/nucleotide/XM_017871857.1?report=genbank&log$=nucltop&blast_rank=27&RID=YYPN66NU016"",""XM_017871857.1"")"
"PREDICTED: Macaca fascicularis cyclic nucleotide gated channel subunit alpha 3 (CNGA3), transcript variant X1, mRNA",Macaca fascicularis,3360,3360,100%,0.0,95.73,3862,"=HYPERLINK(""https://www.ncbi.nlm.nih.gov/nucleotide/XM_005575033.5?report=genbank&log$=nucltop&blast_rank=28&RID=YYPN66NU016"",""XM_005575033.5"")"
"PREDICTED: Colobus angolensis palliatus cyclic nucleotide gated channel alpha 3 (CNGA3), transcript variant X1, mRNA",Colobus angolensis palliatus,3358,3358,100%,0.0,95.73,2743,"=HYPERLINK(""https://www.ncbi.nlm.nih.gov/nucleotide/XM_011956541.1?report=genbank&log$=nucltop&blast_rank=29&RID=YYPN66NU016"",""XM_011956541.1"")"
"PREDICTED: Trachypithecus francoisi cyclic nucleotide gated channel subunit alpha 3 (CNGA3), transcript variant X1, mRNA",Trachypithecus francoisi,3355,3355,100%,0.0,95.68,3133,"=HYPERLINK(""https://www.ncbi.nlm.nih.gov/nucleotide/XM_033238937.1?report=genbank&log$=nucltop&blast_rank=30&RID=YYPN66NU016"",""XM_033238937.1"")"
"PREDICTED: Piliocolobus tephrosceles cyclic nucleotide gated channel subunit alpha 3 (CNGA3), transcript variant X1, mRNA",Piliocolobus tephrosceles,3353,3353,100%,0.0,95.68,3015,"=HYPERLINK(""https://www.ncbi.nlm.nih.gov/nucleotide/XM_023211509.2?report=genbank&log$=nucltop&blast_rank=31&RID=YYPN66NU016"",""XM_023211509.2"")"
"PREDICTED: Rhinopithecus roxellana cyclic nucleotide gated channel subunit alpha 3 (CNGA3), transcript variant X1, mRNA",Rhinopithecus roxellana,3351,3351,100%,0.0,95.64,2200,"=HYPERLINK(""https://www.ncbi.nlm.nih.gov/nucleotide/XM_010362113.2?report=genbank&log$=nucltop&blast_rank=32&RID=YYPN66NU016"",""XM_010362113.2"")"
"PREDICTED: Chlorocebus sabaeus cyclic nucleotide gated channel subunit alpha 3 (CNGA3), transcript variant X3, mRNA",Chlorocebus sabaeus,3314,3314,100%,0.0,95.06,3502,"=HYPERLINK(""https://www.ncbi.nlm.nih.gov/nucleotide/XM_038004175.2?report=genbank&log$=nucltop&blast_rank=33&RID=YYPN66NU016"",""XM_038004175.2"")"
"PREDICTED: Nomascus leucogenys cyclic nucleotide gated channel subunit alpha 3 (CNGA3), transcript variant X2, mRNA",Nomascus leucogenys,3314,3314,100%,0.0,94.82,2531,"=HYPERLINK(""https://www.ncbi.nlm.nih.gov/nucleotide/XM_003279229.4?report=genbank&log$=nucltop&blast_rank=34&RID=YYPN66NU016"",""XM_003279229.4"")"
"PREDICTED: Aotus nancymaae cyclic nucleotide gated channel subunit alpha 3 (CNGA3), mRNA",Aotus nancymaae,3245,3245,100%,0.0,94.53,3632,"=HYPERLINK(""https://www.ncbi.nlm.nih.gov/nucleotide/XM_012475873.2?report=genbank&log$=nucltop&blast_rank=35&RID=YYPN66NU016"",""XM_012475873.2"")"
"PREDICTED: Chlorocebus sabaeus cyclic nucleotide gated channel subunit alpha 3 (CNGA3), transcript variant X4, mRNA",Chlorocebus sabaeus,3219,3219,100%,0.0,93.81,3478,"=HYPERLINK(""https://www.ncbi.nlm.nih.gov/nucleotide/XM_073023240.1?report=genbank&log$=nucltop&blast_rank=36&RID=YYPN66NU016"",""XM_073023240.1"")"
"PREDICTED: Cebus imitator cyclic nucleotide gated channel subunit alpha 3 (CNGA3), mRNA",Cebus imitator,3202,3202,100%,0.0,94.05,3814,"=HYPERLINK(""https://www.ncbi.nlm.nih.gov/nucleotide/XM_017524070.2?report=genbank&log$=nucltop&blast_rank=37&RID=YYPN66NU016"",""XM_017524070.2"")"
"PREDICTED: Theropithecus gelada cyclic nucleotide gated channel alpha 3 (CNGA3), transcript variant X2, mRNA",Theropithecus gelada,3196,3196,100%,0.0,93.57,4220,"=HYPERLINK(""https://www.ncbi.nlm.nih.gov/nucleotide/XM_025354502.1?report=genbank&log$=nucltop&blast_rank=38&RID=YYPN66NU016"",""XM_025354502.1"")"
"PREDICTED: Mandrillus leucophaeus cyclic nucleotide gated channel alpha 3 (CNGA3), transcript variant X2, mRNA",Mandrillus leucophaeus,3187,3187,100%,0.0,93.48,3841,"=HYPERLINK(""https://www.ncbi.nlm.nih.gov/nucleotide/XM_011969625.1?report=genbank&log$=nucltop&blast_rank=39&RID=YYPN66NU016"",""XM_011969625.1"")"
"PREDICTED: Saimiri boliviensis cyclic nucleotide gated channel subunit alpha 3 (CNGA3), transcript variant X1, mRNA",Saimiri boliviensis,3184,3184,100%,0.0,93.86,3017,"=HYPERLINK(""https://www.ncbi.nlm.nih.gov/nucleotide/XM_003941288.3?report=genbank&log$=nucltop&blast_rank=40&RID=YYPN66NU016"",""XM_003941288.3"")"
"PREDICTED: Macaca nemestrina cyclic nucleotide gated channel subunit alpha 3 (LOC105490061), transcript variant X4, mRNA",Macaca nemestrina,3183,3183,100%,0.0,93.43,12219,"=HYPERLINK(""https://www.ncbi.nlm.nih.gov/nucleotide/XM_011755323.3?report=genbank&log$=nucltop&blast_rank=41&RID=YYPN66NU016"",""XM_011755323.3"")"
"PREDICTED: Nomascus leucogenys cyclic nucleotide gated channel subunit alpha 3 (CNGA3), transcript variant X3, mRNA",Nomascus leucogenys,3176,3355,95%,0.0,97.60,2614,"=HYPERLINK(""https://www.ncbi.nlm.nih.gov/nucleotide/XM_030827485.1?report=genbank&log$=nucltop&blast_rank=42&RID=YYPN66NU016"",""XM_030827485.1"")"
"PREDICTED: Homo sapiens cyclic nucleotide gated channel subunit alpha 3 (CNGA3), transcript variant X3, mRNA",Homo sapiens,3170,3561,100%,0.0,97.06,3658,"=HYPERLINK(""https://www.ncbi.nlm.nih.gov/nucleotide/XM_006712243.3?report=genbank&log$=nucltop&blast_rank=43&RID=YYPN66NU016"",""XM_006712243.3"")"
"PREDICTED: Rhinopithecus bieti cyclic nucleotide gated channel alpha 3 (CNGA3), transcript variant X2, mRNA",Rhinopithecus bieti,3169,3169,100%,0.0,93.29,2494,"=HYPERLINK(""https://www.ncbi.nlm.nih.gov/nucleotide/XM_017871858.1?report=genbank&log$=nucltop&blast_rank=44&RID=YYPN66NU016"",""XM_017871858.1"")"
"PREDICTED: Sapajus apella cyclic nucleotide gated channel subunit alpha 3 (CNGA3), mRNA",Sapajus apella,3166,3166,100%,0.0,93.67,3516,"=HYPERLINK(""https://www.ncbi.nlm.nih.gov/nucleotide/XM_032255363.1?report=genbank&log$=nucltop&blast_rank=45&RID=YYPN66NU016"",""XM_032255363.1"")"
"PREDICTED: Piliocolobus tephrosceles cyclic nucleotide gated channel subunit alpha 3 (CNGA3), transcript variant X2, mRNA",Piliocolobus tephrosceles,3163,3163,100%,0.0,93.24,2961,"=HYPERLINK(""https://www.ncbi.nlm.nih.gov/nucleotide/XM_023211511.2?report=genbank&log$=nucltop&blast_rank=46&RID=YYPN66NU016"",""XM_023211511.2"")"
"PREDICTED: Macaca fascicularis cyclic nucleotide gated channel subunit alpha 3 (CNGA3), transcript variant X2, mRNA",Macaca fascicularis,3160,3160,100%,0.0,93.19,3808,"=HYPERLINK(""https://www.ncbi.nlm.nih.gov/nucleotide/XM_045368787.3?report=genbank&log$=nucltop&blast_rank=47&RID=YYPN66NU016"",""XM_045368787.3"")"
"PREDICTED: Colobus angolensis palliatus cyclic nucleotide gated channel alpha 3 (CNGA3), transcript variant X2, mRNA",Colobus angolensis palliatus,3158,3158,100%,0.0,93.19,2689,"=HYPERLINK(""https://www.ncbi.nlm.nih.gov/nucleotide/XM_011956542.1?report=genbank&log$=nucltop&blast_rank=48&RID=YYPN66NU016"",""XM_011956542.1"")"
"PREDICTED: Trachypithecus francoisi cyclic nucleotide gated channel subunit alpha 3 (CNGA3), transcript variant X2, mRNA",Trachypithecus francoisi,3151,3151,100%,0.0,93.09,3462,"=HYPERLINK(""https://www.ncbi.nlm.nih.gov/nucleotide/XM_033238938.1?report=genbank&log$=nucltop&blast_rank=49&RID=YYPN66NU016"",""XM_033238938.1"")"
"PREDICTED: Rhinopithecus roxellana cyclic nucleotide gated channel subunit alpha 3 (CNGA3), transcript variant X2, mRNA",Rhinopithecus roxellana,3147,3147,100%,0.0,93.05,2199,"=HYPERLINK(""https://www.ncbi.nlm.nih.gov/nucleotide/XM_010362115.2?report=genbank&log$=nucltop&blast_rank=50&RID=YYPN66NU016"",""XM_010362115.2"")"
"PREDICTED: Callithrix jacchus cyclic nucleotide gated channel subunit alpha 3 (CNGA3), transcript variant X5, mRNA",Callithrix jacchus,3139,3139,100%,0.0,93.38,6523,"=HYPERLINK(""https://www.ncbi.nlm.nih.gov/nucleotide/XM_035271643.3?report=genbank&log$=nucltop&blast_rank=51&RID=YYPN66NU016"",""XM_035271643.3"")"
"PREDICTED: Callithrix jacchus cyclic nucleotide gated channel subunit alpha 3 (CNGA3), transcript variant X6, mRNA",Callithrix jacchus,3139,3139,100%,0.0,93.38,6528,"=HYPERLINK(""https://www.ncbi.nlm.nih.gov/nucleotide/XM_035271646.3?report=genbank&log$=nucltop&blast_rank=52&RID=YYPN66NU016"",""XM_035271646.3"")"
"PREDICTED: Callithrix jacchus cyclic nucleotide gated channel subunit alpha 3 (CNGA3), transcript variant X2, mRNA",Callithrix jacchus,3139,3139,100%,0.0,93.38,9087,"=HYPERLINK(""https://www.ncbi.nlm.nih.gov/nucleotide/XM_035271645.3?report=genbank&log$=nucltop&blast_rank=53&RID=YYPN66NU016"",""XM_035271645.3"")"
"PREDICTED: Callithrix jacchus cyclic nucleotide gated channel subunit alpha 3 (CNGA3), transcript variant X3, mRNA",Callithrix jacchus,3139,3139,100%,0.0,93.38,27196,"=HYPERLINK(""https://www.ncbi.nlm.nih.gov/nucleotide/XM_002757396.6?report=genbank&log$=nucltop&blast_rank=54&RID=YYPN66NU016"",""XM_002757396.6"")"
"PREDICTED: Callithrix jacchus cyclic nucleotide gated channel subunit alpha 3 (CNGA3), transcript variant X1, mRNA",Callithrix jacchus,3139,3139,100%,0.0,93.38,24839,"=HYPERLINK(""https://www.ncbi.nlm.nih.gov/nucleotide/XM_035271644.3?report=genbank&log$=nucltop&blast_rank=55&RID=YYPN66NU016"",""XM_035271644.3"")"
"PREDICTED: Callithrix jacchus cyclic nucleotide gated channel subunit alpha 3 (CNGA3), transcript variant X4, mRNA",Callithrix jacchus,3139,3139,100%,0.0,93.38,9028,"=HYPERLINK(""https://www.ncbi.nlm.nih.gov/nucleotide/XM_078348700.1?report=genbank&log$=nucltop&blast_rank=56&RID=YYPN66NU016"",""XM_078348700.1"")"
"PREDICTED: Cercocebus atys cyclic nucleotide gated channel alpha 3 (CNGA3), transcript variant X2, mRNA",Cercocebus atys,3075,3226,95%,0.0,96.42,2568,"=HYPERLINK(""https://www.ncbi.nlm.nih.gov/nucleotide/XM_012055682.1?report=genbank&log$=nucltop&blast_rank=57&RID=YYPN66NU016"",""XM_012055682.1"")"
"PREDICTED: Macaca nemestrina cyclic nucleotide gated channel subunit alpha 3 (LOC105490061), transcript variant X5, mRNA",Macaca nemestrina,3070,3226,95%,0.0,96.37,12159,"=HYPERLINK(""https://www.ncbi.nlm.nih.gov/nucleotide/XM_011755324.3?report=genbank&log$=nucltop&blast_rank=58&RID=YYPN66NU016"",""XM_011755324.3"")"
"PREDICTED: Rhinopithecus bieti cyclic nucleotide gated channel alpha 3 (CNGA3), transcript variant X3, mRNA",Rhinopithecus bieti,3063,3228,95%,0.0,96.26,2623,"=HYPERLINK(""https://www.ncbi.nlm.nih.gov/nucleotide/XM_017871859.1?report=genbank&log$=nucltop&blast_rank=59&RID=YYPN66NU016"",""XM_017871859.1"")"
"PREDICTED: Papio anubis cyclic nucleotide gated channel subunit alpha 3 (CNGA3), transcript variant X3, mRNA",Papio anubis,3061,3213,95%,0.0,96.26,3859,"=HYPERLINK(""https://www.ncbi.nlm.nih.gov/nucleotide/XM_021925085.2?report=genbank&log$=nucltop&blast_rank=60&RID=YYPN66NU016"",""XM_021925085.2"")"
"PREDICTED: Rhinopithecus roxellana cyclic nucleotide gated channel subunit alpha 3 (CNGA3), transcript variant X3, mRNA",Rhinopithecus roxellana,3049,3215,95%,0.0,96.10,2615,"=HYPERLINK(""https://www.ncbi.nlm.nih.gov/nucleotide/XM_030921571.1?report=genbank&log$=nucltop&blast_rank=61&RID=YYPN66NU016"",""XM_030921571.1"")"
"PREDICTED: Macaca fascicularis cyclic nucleotide gated channel subunit alpha 3 (CNGA3), transcript variant X3, mRNA",Macaca fascicularis,3048,3204,95%,0.0,96.10,3748,"=HYPERLINK(""https://www.ncbi.nlm.nih.gov/nucleotide/XM_045368788.3?report=genbank&log$=nucltop&blast_rank=62&RID=YYPN66NU016"",""XM_045368788.3"")"
"PREDICTED: Trachypithecus francoisi cyclic nucleotide gated channel subunit alpha 3 (CNGA3), transcript variant X3, mRNA",Trachypithecus francoisi,3045,3215,95%,0.0,96.05,3264,"=HYPERLINK(""https://www.ncbi.nlm.nih.gov/nucleotide/XM_033238939.1?report=genbank&log$=nucltop&blast_rank=63&RID=YYPN66NU016"",""XM_033238939.1"")"
"PREDICTED: Piliocolobus tephrosceles cyclic nucleotide gated channel subunit alpha 3 (CNGA3), transcript variant X3, mRNA",Piliocolobus tephrosceles,3034,3208,95%,0.0,95.94,2785,"=HYPERLINK(""https://www.ncbi.nlm.nih.gov/nucleotide/XM_023211512.2?report=genbank&log$=nucltop&blast_rank=64&RID=YYPN66NU016"",""XM_023211512.2"")"
"PREDICTED: Callithrix jacchus cyclic nucleotide gated channel subunit alpha 3 (CNGA3), transcript variant X7, mRNA",Callithrix jacchus,2992,3144,100%,0.0,93.40,10591,"=HYPERLINK(""https://www.ncbi.nlm.nih.gov/nucleotide/XM_078348701.1?report=genbank&log$=nucltop&blast_rank=65&RID=YYPN66NU016"",""XM_078348701.1"")"
"PREDICTED: Saimiri boliviensis cyclic nucleotide gated channel subunit alpha 3 (CNGA3), transcript variant X2, mRNA",Saimiri boliviensis,2989,2989,100%,0.0,91.37,2963,"=HYPERLINK(""https://www.ncbi.nlm.nih.gov/nucleotide/XM_074388288.1?report=genbank&log$=nucltop&blast_rank=66&RID=YYPN66NU016"",""XM_074388288.1"")"
"PREDICTED: Pan paniscus cyclic nucleotide gated channel subunit alpha 3 (CNGA3), transcript variant X2, mRNA",Pan paniscus,2897,2897,78%,0.0,99.27,6277,"=HYPERLINK(""https://www.ncbi.nlm.nih.gov/nucleotide/XM_055107626.1?report=genbank&log$=nucltop&blast_rank=67&RID=YYPN66NU016"",""XM_055107626.1"")"
"PREDICTED: Lemur catta cyclic nucleotide gated channel subunit alpha 3 (CNGA3), transcript variant X1, mRNA",Lemur catta,2763,2763,100%,0.0,89.51,2255,"=HYPERLINK(""https://www.ncbi.nlm.nih.gov/nucleotide/XM_045550177.1?report=genbank&log$=nucltop&blast_rank=68&RID=YYPN66NU016"",""XM_045550177.1"")"
"PREDICTED: Propithecus coquereli cyclic nucleotide gated channel alpha 3 (CNGA3), transcript variant X1, mRNA",Propithecus coquereli,2751,2751,100%,0.0,89.26,2138,"=HYPERLINK(""https://www.ncbi.nlm.nih.gov/nucleotide/XM_012641919.1?report=genbank&log$=nucltop&blast_rank=69&RID=YYPN66NU016"",""XM_012641919.1"")"
"PREDICTED: Microcebus murinus cyclic nucleotide gated channel subunit alpha 3 (CNGA3), transcript variant X1, mRNA",Microcebus murinus,2719,2719,100%,0.0,88.92,2085,"=HYPERLINK(""https://www.ncbi.nlm.nih.gov/nucleotide/XM_076000489.1?report=genbank&log$=nucltop&blast_rank=70&RID=YYPN66NU016"",""XM_076000489.1"")"
"PREDICTED: Chlorocebus sabaeus cyclic nucleotide gated channel subunit alpha 3 (CNGA3), transcript variant X5, mRNA",Chlorocebus sabaeus,2712,2712,78%,0.0,96.76,9363,"=HYPERLINK(""https://www.ncbi.nlm.nih.gov/nucleotide/XM_073023241.1?report=genbank&log$=nucltop&blast_rank=71&RID=YYPN66NU016"",""XM_073023241.1"")"
"PREDICTED: Cercocebus atys cyclic nucleotide gated channel alpha 3 (CNGA3), transcript variant X3, mRNA",Cercocebus atys,2708,2860,83%,0.0,96.70,2334,"=HYPERLINK(""https://www.ncbi.nlm.nih.gov/nucleotide/XM_012055683.1?report=genbank&log$=nucltop&blast_rank=72&RID=YYPN66NU016"",""XM_012055683.1"")"
"PREDICTED: Macaca nemestrina cyclic nucleotide gated channel subunit alpha 3 (LOC105490061), transcript variant X6, mRNA",Macaca nemestrina,2703,2703,78%,0.0,96.64,5745,"=HYPERLINK(""https://www.ncbi.nlm.nih.gov/nucleotide/XM_071077306.1?report=genbank&log$=nucltop&blast_rank=73&RID=YYPN66NU016"",""XM_071077306.1"")"
"PREDICTED: Macaca nemestrina cyclic nucleotide gated channel subunit alpha 3 (LOC105490061), transcript variant X7, mRNA",Macaca nemestrina,2703,2703,78%,0.0,96.64,5036,"=HYPERLINK(""https://www.ncbi.nlm.nih.gov/nucleotide/XM_011755325.3?report=genbank&log$=nucltop&blast_rank=74&RID=YYPN66NU016"",""XM_011755325.3"")"
"PREDICTED: Macaca nemestrina cyclic nucleotide gated channel subunit alpha 3 (LOC105490061), transcript variant X8, mRNA",Macaca nemestrina,2703,2703,78%,0.0,96.64,4886,"=HYPERLINK(""https://www.ncbi.nlm.nih.gov/nucleotide/XM_011755326.3?report=genbank&log$=nucltop&blast_rank=75&RID=YYPN66NU016"",""XM_011755326.3"")"
"PREDICTED: Eulemur rufifrons cyclic nucleotide gated channel subunit alpha 3 (CNGA3), transcript variant X1, mRNA",Eulemur rufifrons,2695,2695,100%,0.0,88.79,2085,"=HYPERLINK(""https://www.ncbi.nlm.nih.gov/nucleotide/XM_069494802.1?report=genbank&log$=nucltop&blast_rank=76&RID=YYPN66NU016"",""XM_069494802.1"")"
"PREDICTED: Macaca thibetana thibetana cyclic nucleotide gated channel subunit alpha 3 (CNGA3), transcript variant X2, mRNA",Macaca thibetana thibetana,2690,2690,78%,0.0,96.45,3687,"=HYPERLINK(""https://www.ncbi.nlm.nih.gov/nucleotide/XM_050755101.1?report=genbank&log$=nucltop&blast_rank=77&RID=YYPN66NU016"",""XM_050755101.1"")"
"PREDICTED: Carlito syrichta cyclic nucleotide gated channel alpha 3 (CNGA3), transcript variant X2, mRNA",Carlito syrichta,2675,2675,100%,0.0,88.48,2239,"=HYPERLINK(""https://www.ncbi.nlm.nih.gov/nucleotide/XM_008066056.2?report=genbank&log$=nucltop&blast_rank=78&RID=YYPN66NU016"",""XM_008066056.2"")"
"PREDICTED: Nycticebus coucang cyclic nucleotide gated channel subunit alpha 3 (CNGA3), mRNA",Nycticebus coucang,2630,2630,100%,0.0,87.88,3700,"=HYPERLINK(""https://www.ncbi.nlm.nih.gov/nucleotide/XM_053589360.1?report=genbank&log$=nucltop&blast_rank=79&RID=YYPN66NU016"",""XM_053589360.1"")"
"PREDICTED: Otolemur garnettii cyclic nucleotide gated channel alpha 3 (CNGA3), mRNA",Otolemur garnettii,2625,2625,100%,0.0,87.89,2076,"=HYPERLINK(""https://www.ncbi.nlm.nih.gov/nucleotide/XM_003794366.1?report=genbank&log$=nucltop&blast_rank=80&RID=YYPN66NU016"",""XM_003794366.1"")"
"PREDICTED: Ceratotherium simum simum cyclic nucleotide gated channel alpha 3 (LOC101401768), mRNA",Ceratotherium simum simum,2608,2608,100%,0.0,87.84,2460,"=HYPERLINK(""https://www.ncbi.nlm.nih.gov/nucleotide/XM_004435830.2?report=genbank&log$=nucltop&blast_rank=81&RID=YYPN66NU016"",""XM_004435830.2"")"
"PREDICTED: Tupaia chinensis cyclic nucleotide gated channel alpha 3 (CNGA3), mRNA",Tupaia chinensis,2598,2598,100%,0.0,87.76,2189,"=HYPERLINK(""https://www.ncbi.nlm.nih.gov/nucleotide/XM_027767505.1?report=genbank&log$=nucltop&blast_rank=82&RID=YYPN66NU016"",""XM_027767505.1"")"
"PREDICTED: Cynocephalus volans cyclic nucleotide gated channel subunit alpha 3 (CNGA3), transcript variant X1, mRNA",Cynocephalus volans,2527,2527,100%,0.0,86.86,2073,"=HYPERLINK(""https://www.ncbi.nlm.nih.gov/nucleotide/XM_063078859.1?report=genbank&log$=nucltop&blast_rank=83&RID=YYPN66NU016"",""XM_063078859.1"")"
"PREDICTED: Trichechus manatus latirostris cyclic nucleotide gated channel subunit alpha 3 (CNGA3), mRNA",Trichechus manatus latirostris,2510,2510,100%,0.0,86.82,2085,"=HYPERLINK(""https://www.ncbi.nlm.nih.gov/nucleotide/XM_004369333.1?report=genbank&log$=nucltop&blast_rank=84&RID=YYPN66NU016"",""XM_004369333.1"")"
"PREDICTED: Galeopterus variegatus cyclic nucleotide gated channel alpha 3 (CNGA3), transcript variant X1, mRNA",Galeopterus variegatus,2509,2509,100%,0.0,86.67,2279,"=HYPERLINK(""https://www.ncbi.nlm.nih.gov/nucleotide/XM_008594440.1?report=genbank&log$=nucltop&blast_rank=85&RID=YYPN66NU016"",""XM_008594440.1"")"
"PREDICTED: Marmota marmota marmota cyclic nucleotide gated channel subunit alpha 3 (Cnga3), mRNA",Marmota marmota marmota,2490,2490,100%,0.0,86.36,2648,"=HYPERLINK(""https://www.ncbi.nlm.nih.gov/nucleotide/XM_015499651.2?report=genbank&log$=nucltop&blast_rank=86&RID=YYPN66NU016"",""XM_015499651.2"")"
"PREDICTED: Lepus europaeus cyclic nucleotide gated channel subunit alpha 3 (CNGA3), mRNA",Lepus europaeus,2478,2478,100%,0.0,86.45,2085,"=HYPERLINK(""https://www.ncbi.nlm.nih.gov/nucleotide/XM_062208882.1?report=genbank&log$=nucltop&blast_rank=87&RID=YYPN66NU016"",""XM_062208882.1"")"
"PREDICTED: Elephas maximus indicus cyclic nucleotide gated channel subunit alpha 3 (CNGA3), transcript variant X8, mRNA",Elephas maximus indicus,2469,2469,100%,0.0,86.25,3388,"=HYPERLINK(""https://www.ncbi.nlm.nih.gov/nucleotide/XM_049857256.1?report=genbank&log$=nucltop&blast_rank=88&RID=YYPN66NU016"",""XM_049857256.1"")"
"PREDICTED: Loxodonta africana cyclic nucleotide gated channel subunit alpha 3 (CNGA3), mRNA",Loxodonta africana,2460,2460,100%,0.0,86.15,7896,"=HYPERLINK(""https://www.ncbi.nlm.nih.gov/nucleotide/XM_023552513.2?report=genbank&log$=nucltop&blast_rank=89&RID=YYPN66NU016"",""XM_023552513.2"")"
"PREDICTED: Sagmatias obliquidens cyclic nucleotide gated channel subunit alpha 3 (LOC113632055), transcript variant X2, mRNA",Sagmatias obliquidens,2458,2458,100%,0.0,86.02,2160,"=HYPERLINK(""https://www.ncbi.nlm.nih.gov/nucleotide/XM_027128898.1?report=genbank&log$=nucltop&blast_rank=90&RID=YYPN66NU016"",""XM_027128898.1"")"
"PREDICTED: Orcinus orca cyclic nucleotide gated channel subunit alpha 3 (CNGA3), transcript variant X2, mRNA",Orcinus orca,2452,2452,100%,0.0,85.92,4285,"=HYPERLINK(""https://www.ncbi.nlm.nih.gov/nucleotide/XM_049695927.1?report=genbank&log$=nucltop&blast_rank=91&RID=YYPN66NU016"",""XM_049695927.1"")"
"Balaenoptera borealis cyclic nucleotide-gated channel alpha-3 (CNGA3), mRNA",Balaenoptera borealis,2447,2447,96%,0.0,86.93,2172,"=HYPERLINK(""https://www.ncbi.nlm.nih.gov/nucleotide/XM_082356203.1?report=genbank&log$=nucltop&blast_rank=92&RID=YYPN66NU016"",""XM_082356203.1"")"
"PREDICTED: Ursus americanus cyclic nucleotide gated channel subunit alpha 3 (CNGA3), transcript variant X1, mRNA",Ursus americanus,2438,2438,100%,0.0,85.93,2067,"=HYPERLINK(""https://www.ncbi.nlm.nih.gov/nucleotide/XM_045771819.1?report=genbank&log$=nucltop&blast_rank=93&RID=YYPN66NU016"",""XM_045771819.1"")"
"PREDICTED: Delphinapterus leucas cyclic nucleotide gated channel subunit alpha 3 (CNGA3), transcript variant X3, mRNA",Delphinapterus leucas,2430,2430,100%,0.0,85.68,3954,"=HYPERLINK(""https://www.ncbi.nlm.nih.gov/nucleotide/XM_022599134.2?report=genbank&log$=nucltop&blast_rank=94&RID=YYPN66NU016"",""XM_022599134.2"")"
"PREDICTED: Delphinapterus leucas cyclic nucleotide gated channel subunit alpha 3 (CNGA3), transcript variant X2, mRNA",Delphinapterus leucas,2430,2430,100%,0.0,85.68,4132,"=HYPERLINK(""https://www.ncbi.nlm.nih.gov/nucleotide/XM_022599131.2?report=genbank&log$=nucltop&blast_rank=95&RID=YYPN66NU016"",""XM_022599131.2"")"
"PREDICTED: Delphinapterus leucas cyclic nucleotide gated channel subunit alpha 3 (CNGA3), transcript variant X1, mRNA",Delphinapterus leucas,2430,2430,100%,0.0,85.68,6026,"=HYPERLINK(""https://www.ncbi.nlm.nih.gov/nucleotide/XM_030762834.1?report=genbank&log$=nucltop&blast_rank=96&RID=YYPN66NU016"",""XM_030762834.1"")"
"PREDICTED: Tursiops truncatus cyclic nucleotide gated channel subunit alpha 3 (CNGA3), transcript variant X2, mRNA",Tursiops truncatus,2425,2425,96%,0.0,86.75,4286,"=HYPERLINK(""https://www.ncbi.nlm.nih.gov/nucleotide/XM_073791073.1?report=genbank&log$=nucltop&blast_rank=97&RID=YYPN66NU016"",""XM_073791073.1"")"
"PREDICTED: Oryctolagus cuniculus cyclic nucleotide gated channel subunit alpha 3 (CNGA3), mRNA",Oryctolagus cuniculus,2414,2414,100%,0.0,85.76,4360,"=HYPERLINK(""https://www.ncbi.nlm.nih.gov/nucleotide/XM_070069684.1?report=genbank&log$=nucltop&blast_rank=98&RID=YYPN66NU016"",""XM_070069684.1"")"
"PREDICTED: Puma concolor cyclic nucleotide gated channel alpha 3 (CNGA3), transcript variant X1, mRNA",Puma concolor,2413,2413,100%,0.0,85.56,2070,"=HYPERLINK(""https://www.ncbi.nlm.nih.gov/nucleotide/XM_025932245.1?report=genbank&log$=nucltop&blast_rank=99&RID=YYPN66NU016"",""XM_025932245.1"")"
"PREDICTED: Cervus elaphus cyclic nucleotide gated channel subunit alpha 3 (CNGA3), transcript variant X4, mRNA",Cervus elaphus,2407,2407,96%,0.0,86.62,4301,"=HYPERLINK(""https://www.ncbi.nlm.nih.gov/nucleotide/XM_043918658.1?report=genbank&log$=nucltop&blast_rank=100&RID=YYPN66NU016"",""XM_043918658.1"")"



		


